Video Name,Video URL
xyfwnnivivvoa1fatt8d,http://res.cloudinary.com/dc5khnuiu/video/upload/v1752643705/xyfwnnivivvoa1fatt8d.mp4
ob2zbj7klqolfyi5nlhd,http://res.cloudinary.com/dc5khnuiu/video/upload/v1752643634/ob2zbj7klqolfyi5nlhd.mp4
ycsotbqzyclvddoethai,http://res.cloudinary.com/dc5khnuiu/video/upload/v1752643579/ycsotbqzyclvddoethai.mp4
knczikz3alakf33imr0y,http://res.cloudinary.com/dc5khnuiu/video/upload/v1752643522/knczikz3alakf33imr0y.mp4
kmx0byq4wliqgakcv4mc,http://res.cloudinary.com/dc5khnuiu/video/upload/v1752643447/kmx0byq4wliqgakcv4mc.mp4
ethfzq2iqbxump8yc42n,http://res.cloudinary.com/dc5khnuiu/video/upload/v1752643385/ethfzq2iqbxump8yc42n.mp4
bkcjwbnuqs78e2qkpn0q,http://res.cloudinary.com/dc5khnuiu/video/upload/v1752643332/bkcjwbnuqs78e2qkpn0q.mp4
m0wt5cwcxy0g6hfnxsgo,http://res.cloudinary.com/dc5khnuiu/video/upload/v1752643271/m0wt5cwcxy0g6hfnxsgo.mp4
jwsbbhctiuspbbdwzdyh,http://res.cloudinary.com/dc5khnuiu/video/upload/v1752643181/jwsbbhctiuspbbdwzdyh.mp4
r3zfimpzhhxwnhfgjlgv,http://res.cloudinary.com/dc5khnuiu/video/upload/v1752643127/r3zfimpzhhxwnhfgjlgv.mp4
